Rk,Player,Age,Team,Pos,G,GS,MP,FG,FGA,FG%,3P,3PA,3P%,2P,2PA,2P%,eFG%,FT,FTA,FT%,ORB,DRB,TRB,AST,STL,BLK,TOV,PF,PTS,Trp-Dbl,Awards,Player-additional
1,Shai Gilgeous-Alexander,27,OKC,PG,28,28,932,307,554,.554,63,143,.441,244,411,.594,.611,232,262,.885,13,124,137,182,43,23,57,59,909,0,,gilgesh01
2,Donovan Mitchell,29,CLE,SG,27,27,924,288,582,.495,111,285,.389,177,297,.596,.590,142,167,.850,24,98,122,147,36,8,89,67,829,0,,mitchdo01
3,Nikola Jokić,30,DEN,C,28,28,970,292,481,.607,57,134,.425,235,347,.677,.666,167,199,.839,80,260,340,302,39,23,98,81,808,14,,jokicni01
4,Jaylen Brown,29,BOS,SF,27,27,911,289,581,.497,56,154,.364,233,427,.546,.546,160,205,.780,33,139,172,132,29,14,97,81,794,1,,brownja02
5,Tyrese Maxey,25,PHI,PG,25,25,995,272,582,.467,95,238,.399,177,344,.515,.549,153,173,.884,7,106,113,178,42,22,65,57,792,0,,maxeyty01
6,Jalen Brunson,29,NYK,PG,26,26,916,267,554,.482,74,198,.374,193,356,.542,.549,149,176,.847,17,71,88,171,20,2,56,66,757,0,,brunsja01
7,Deni Avdija,25,POR,SF,29,29,1010,220,471,.467,68,185,.368,152,286,.531,.539,231,287,.805,31,175,206,189,20,18,106,89,739,2,,avdijde01
8,Luka Dončić,26,LAL,PG,21,21,768,220,480,.458,71,222,.320,149,258,.578,.532,205,254,.807,18,163,181,184,33,11,88,53,716,3,,doncilu01
9,Lauri Markkanen,28,UTA,PF,25,25,884,233,495,.471,72,208,.346,161,287,.561,.543,156,174,.897,53,124,177,52,23,10,35,47,694,0,,markkla01
10,Cade Cunningham,24,DET,PG,26,26,930,243,532,.457,52,163,.319,191,369,.518,.506,151,183,.825,34,131,165,239,37,20,97,87,689,3,,cunnica01
11,James Harden,36,LAC,PG,26,26,926,195,450,.433,93,249,.373,102,201,.507,.537,189,214,.883,15,120,135,213,35,10,101,56,672,2,,hardeja01
12,Jamal Murray,28,DEN,PG,27,27,937,236,476,.496,92,201,.458,144,275,.524,.592,108,122,.885,10,107,117,178,30,7,60,42,672,0,,murraja01
13,Keyonte George,22,UTA,PG,28,28,958,207,463,.447,67,188,.356,140,275,.509,.519,187,206,.908,14,103,117,193,24,8,98,74,668,0,,georgke01
14,Pascal Siakam,31,IND,PF,28,28,955,242,512,.473,50,137,.365,192,375,.512,.521,133,189,.704,45,143,188,111,35,13,57,76,667,0,,siakapa01
15,Brandon Ingram,28,TOR,SF,30,30,1028,244,515,.474,54,146,.370,190,369,.515,.526,118,145,.814,22,152,174,117,25,18,95,61,660,0,,ingrabr01
16,Julius Randle,31,MIN,PF,29,29,980,217,451,.481,48,142,.338,169,309,.547,.534,170,208,.817,49,160,209,162,31,4,77,78,652,2,,randlju01
17,Jalen Johnson,24,ATL,SF,27,27,949,232,442,.525,44,112,.393,188,330,.570,.575,134,161,.832,43,241,284,221,40,10,93,59,642,6,,johnsja05
18,Devin Booker,29,PHO,SG,25,25,861,208,455,.457,43,142,.303,165,313,.527,.504,181,209,.866,23,81,104,161,25,11,87,70,640,0,,bookede01
19,Anthony Edwards,24,MIN,SG,22,22,764,209,430,.486,72,178,.404,137,252,.544,.570,133,162,.821,18,96,114,85,27,19,64,45,623,0,,edwaran01
20,Kevin Durant,37,HOU,SF,24,24,881,208,409,.509,50,115,.435,158,294,.537,.570,142,159,.893,7,113,120,99,21,22,75,58,608,0,,duranke01
21,Miles Bridges,27,CHO,PF,29,29,999,212,490,.433,69,214,.322,143,276,.518,.503,114,135,.844,28,147,175,107,17,15,45,52,607,0,,bridgmi02
22,Stephen Curry,37,GSW,PG,21,21,664,198,419,.473,103,259,.398,95,160,.594,.595,103,113,.912,10,79,89,90,28,10,64,42,602,0,,curryst01
23,Michael Porter Jr.,27,BKN,SF,23,23,755,211,428,.493,84,210,.400,127,218,.583,.591,83,101,.822,27,144,171,76,19,5,52,50,589,0,,portemi01
24,Trey Murphy III,25,NOP,SF,28,28,996,204,413,.494,72,197,.365,132,216,.611,.581,103,113,.912,39,138,177,98,47,6,54,60,583,0,,murphtr02
25,Austin Reaves,27,LAL,SG,21,21,775,178,354,.503,59,160,.369,119,194,.613,.586,168,192,.875,16,101,117,141,22,4,70,48,583,0,,reaveau01
26,Norman Powell,32,MIA,SG,24,24,750,190,393,.483,71,171,.415,119,222,.536,.574,125,148,.845,9,83,92,60,31,6,45,57,576,0,,powelno01
27,Scottie Barnes,24,TOR,PF,30,30,1017,223,448,.498,40,109,.367,183,339,.540,.542,86,105,.819,65,175,240,152,41,50,79,91,572,0,,barnesc01
28,Nickeil Alexander-Walker,27,ATL,SG,28,23,913,193,428,.451,79,209,.378,114,219,.521,.543,104,121,.860,23,78,101,93,25,19,63,64,569,0,,alexani01
29,Kon Knueppel,20,CHO,SF,29,28,983,195,411,.474,104,251,.414,91,160,.569,.601,68,74,.919,26,127,153,104,22,7,72,67,562,0,,knuepko01
30,Karl-Anthony Towns,30,NYK,C,26,26,861,183,389,.470,46,130,.354,137,259,.529,.530,149,172,.866,78,224,302,80,22,19,64,89,561,0,,townska01
31,Alperen Sengun,23,HOU,C,24,24,867,211,420,.502,20,63,.317,191,357,.535,.526,115,158,.728,71,150,221,165,36,25,82,86,557,1,,sengual01
32,Shaedon Sharpe,22,POR,SG,25,19,731,205,443,.463,48,150,.320,157,293,.536,.517,94,122,.770,31,81,112,61,39,5,79,58,552,0,,sharpsh01
33,Desmond Bane,27,ORL,SG,29,29,977,202,447,.452,52,146,.356,150,301,.498,.510,95,103,.922,36,93,129,132,22,13,62,90,551,0,,banede01
34,Franz Wagner,24,ORL,SF,24,24,801,187,382,.490,36,100,.360,151,282,.535,.537,135,164,.823,35,111,146,88,28,9,43,53,545,0,,wagnefr01
35,Cooper Flagg,19,DAL,SF,29,29,995,204,427,.478,23,95,.242,181,332,.545,.505,111,138,.804,35,149,184,105,36,24,61,67,542,0,,flaggco01
36,DeMar DeRozan,36,SAC,PF,29,29,964,193,382,.505,25,63,.397,168,319,.527,.538,123,137,.898,15,80,95,101,42,7,30,61,534,0,,derozde01
37,Josh Giddey,23,CHI,PG,26,26,871,182,382,.476,51,127,.402,131,255,.514,.543,107,143,.748,32,208,240,232,27,11,90,51,522,6,,giddejo01
38,Jerami Grant,31,POR,PF,26,14,789,156,358,.436,65,167,.389,91,191,.476,.527,142,164,.866,30,75,105,69,19,16,57,77,519,0,,grantje01
39,Jimmy Butler III,36,GSW,SF,26,26,816,162,310,.523,24,53,.453,138,257,.537,.561,169,198,.854,56,86,142,123,38,7,37,33,517,0,,butleji01
40,Derrick White,31,BOS,SG,28,28,933,176,442,.398,94,265,.355,82,177,.463,.505,65,76,.855,21,96,117,143,35,37,53,51,511,0,,whitede01
41,CJ McCollum,34,WAS,SG,27,27,833,183,411,.445,79,198,.399,104,213,.488,.541,63,80,.788,16,73,89,95,21,6,42,61,508,0,,mccolcj01
42,Giannis Antetokounmpo,31,MIL,PF,17,17,495,188,294,.639,10,23,.435,178,271,.657,.656,106,167,.635,56,116,172,104,16,16,56,47,492,0,,antetgi01
43,Ryan Rollins,23,MIL,PG,29,26,907,191,405,.472,65,168,.387,126,237,.532,.552,45,57,.789,21,95,116,171,46,10,74,79,492,0,,rolliry01
44,Payton Pritchard,28,BOS,PG,29,29,940,179,408,.439,77,231,.333,102,177,.576,.533,51,59,.864,31,94,125,150,22,2,35,47,486,0,,pritcpa01
45,Jaren Jackson Jr.,26,MEM,C,27,27,802,175,370,.473,44,122,.361,131,248,.528,.532,84,109,.771,23,119,142,55,25,32,55,107,478,0,,jacksja02
46,Mikal Bridges,29,NYK,SF,28,28,984,189,357,.529,68,158,.430,121,199,.608,.625,31,39,.795,33,98,131,119,48,28,29,62,477,0,,bridgmi01
47,Dillon Brooks,30,PHO,SF,22,22,680,176,386,.456,54,160,.338,122,226,.540,.526,71,87,.816,18,53,71,40,29,2,50,80,477,0,,brookdi01
48,Jalen Duren,22,DET,C,26,26,749,181,287,.631,0,0,,181,287,.631,.631,115,156,.737,112,174,286,45,23,25,58,85,477,0,,durenja01
49,Evan Mobley,24,CLE,C,25,25,854,175,353,.496,38,108,.352,137,245,.559,.550,89,139,.640,64,168,232,103,24,41,56,59,477,0,,mobleev01
50,Zach LaVine,30,SAC,SG,23,23,754,165,339,.487,62,161,.385,103,178,.579,.578,72,83,.867,6,63,69,52,17,4,51,50,464,0,,lavinza01
51,Onyeka Okongwu,25,ATL,C,29,18,909,175,356,.492,53,151,.351,122,205,.595,.566,58,76,.763,49,166,215,92,30,34,57,98,461,0,,okongon01
52,Immanuel Quickley,26,TOR,PG,29,29,932,166,372,.446,70,195,.359,96,177,.542,.540,55,73,.753,14,111,125,186,33,2,51,60,457,0,,quickim01
53,Amen Thompson,23,HOU,PG,26,26,964,180,361,.499,10,52,.192,170,309,.550,.512,86,108,.796,69,119,188,139,36,14,67,65,456,0,,thompam01
54,Kawhi Leonard,34,LAC,SF,18,18,596,162,339,.478,40,114,.351,122,225,.542,.537,90,92,.978,20,90,110,58,36,8,35,28,454,0,,leonaka01
55,Jeremiah Fears,19,NOP,PG,30,28,812,169,383,.441,33,94,.351,136,289,.471,.484,78,99,.788,21,83,104,93,40,4,68,59,449,0,,fearsje01
56,Chet Holmgren,23,OKC,PF,24,24,689,166,290,.572,36,91,.396,130,199,.653,.634,80,99,.808,34,154,188,38,14,35,44,72,448,0,,holmgch01
57,De'Aaron Fox,28,SAS,PG,20,20,639,157,329,.477,49,124,.395,108,205,.527,.552,84,101,.832,17,60,77,122,28,6,59,48,447,0,,foxde01
58,Jaime Jaquez Jr.,24,MIA,SF,28,1,830,178,345,.516,11,47,.234,167,298,.560,.532,73,96,.760,37,120,157,134,20,6,63,59,440,0,,jaqueja01
59,Devin Vassell,25,SAS,SG,28,28,894,154,356,.433,78,196,.398,76,160,.475,.542,54,61,.885,12,101,113,71,29,14,29,61,440,0,,vassede01
60,Ivica Zubac,28,LAC,C,28,28,896,190,312,.609,0,0,,190,312,.609,.609,57,80,.713,96,216,312,70,12,27,55,70,437,0,,zubaciv01
61,Saddiq Bey,26,NOP,SF,29,21,856,156,345,.452,49,147,.333,107,198,.540,.523,73,91,.802,52,125,177,64,28,2,19,30,434,0,,beysa01
62,Nikola Vučević,35,CHI,C,27,27,813,175,360,.486,49,132,.371,126,228,.553,.554,32,41,.780,61,187,248,94,23,11,43,58,431,0,,vucevni01
63,Bam Adebayo,28,MIA,C,23,23,718,152,324,.469,33,103,.320,119,221,.538,.520,85,111,.766,36,180,216,55,22,21,44,39,422,0,,adebaba01
64,Jaden McDaniels,25,MIN,PF,28,28,903,161,325,.495,40,100,.400,121,225,.538,.557,59,68,.868,34,96,130,74,31,25,50,99,421,0,,mcdanja02
65,Ajay Mitchell,23,OKC,SG,29,7,756,148,314,.471,31,90,.344,117,224,.522,.521,83,94,.883,19,86,105,104,42,8,45,63,410,0,,mitchaj01
66,Donte DiVincenzo,29,MIN,SG,29,29,919,133,316,.421,91,237,.384,42,79,.532,.565,50,65,.769,30,97,127,107,35,14,39,70,407,0,,divindo01
67,Russell Westbrook,37,SAC,SF,29,23,842,152,355,.428,52,148,.351,100,207,.483,.501,50,78,.641,45,156,201,211,42,4,94,72,406,4,,westbru01
68,De'Andre Hunter,28,CLE,SF,26,23,738,136,312,.436,51,160,.319,85,152,.559,.518,81,95,.853,19,93,112,55,17,3,41,75,404,0,,huntede01
69,Naz Reid,26,MIN,C,29,0,775,152,333,.456,68,184,.370,84,149,.564,.559,32,42,.762,32,146,178,71,32,25,44,76,404,0,,reidna01
70,Matas Buzelis,21,CHI,PF,28,28,788,146,296,.493,45,129,.349,101,167,.605,.569,64,80,.800,30,117,147,43,25,39,49,76,401,0,,buzelma01
71,Anthony Black,22,ORL,PG,29,9,849,145,321,.452,33,109,.303,112,212,.528,.503,76,111,.685,21,98,119,96,36,19,63,77,399,0,,blackan01
72,Quentin Grimes,25,PHI,SG,26,7,844,127,295,.431,59,164,.360,68,131,.519,.531,86,99,.869,18,85,103,115,25,11,65,49,399,0,,grimequ01
73,Naji Marshall,28,DAL,SF,30,11,852,140,257,.545,27,88,.307,113,169,.669,.597,92,113,.814,27,118,145,79,33,3,35,65,399,0,,marshna01
74,Paolo Banchero,23,ORL,PF,19,19,621,126,290,.434,18,76,.237,108,214,.505,.466,128,167,.766,18,145,163,86,11,14,50,43,398,1,,banchpa01
75,Andrew Wiggins,30,MIA,SF,25,25,814,155,331,.468,45,116,.388,110,215,.512,.536,43,61,.705,38,81,119,72,27,28,44,60,398,0,,wiggian01
76,Derik Queen,21,NOP,C,30,18,778,151,292,.517,3,23,.130,148,269,.550,.522,90,113,.796,48,157,205,122,30,25,70,100,395,1,,queende01
77,Santi Aldama,25,MEM,PF,29,5,786,152,320,.475,44,131,.336,108,189,.571,.544,46,69,.667,45,147,192,83,26,19,34,43,394,0,,aldamsa01
78,Cedric Coward,22,MEM,SG,29,16,787,141,304,.464,42,131,.321,99,173,.572,.533,68,83,.819,43,138,181,85,16,10,46,58,392,0,,cowarce01
79,P.J. Washington,27,DAL,PF,25,25,798,146,321,.455,38,112,.339,108,209,.517,.514,62,91,.681,39,158,197,51,26,34,61,64,392,0,,washipj01
80,Jabari Smith Jr.,22,HOU,PF,25,25,866,140,312,.449,56,152,.368,84,160,.525,.538,55,71,.775,37,138,175,51,18,18,38,78,391,0,,smithja05
81,Victor Wembanyama,22,SAS,C,16,12,497,139,271,.513,24,69,.348,115,202,.569,.557,89,108,.824,33,163,196,59,15,53,54,49,391,1,,wembavi01
82,VJ Edgecombe,20,PHI,SG,24,24,843,143,331,.432,51,133,.383,92,198,.465,.509,47,60,.783,43,89,132,95,30,11,41,78,384,0,,edgecvj01
83,Kyshawn George,22,WAS,SF,25,25,800,137,293,.468,57,141,.404,80,152,.526,.565,49,66,.742,22,123,145,128,28,23,79,106,380,0,,georgky01
84,Anfernee Simons,26,BOS,SG,29,0,690,135,313,.431,65,176,.369,70,137,.511,.535,42,47,.894,10,51,61,67,14,4,28,59,377,0,,simonan01
85,Brandin Podziemski,22,GSW,SG,30,11,834,132,290,.455,58,145,.400,74,145,.510,.555,50,67,.746,21,114,135,99,35,6,48,65,372,0,,podzibr01
86,Collin Gillespie,26,PHO,PG,28,9,782,129,299,.431,77,187,.412,52,112,.464,.560,35,40,.875,28,82,110,134,36,9,51,43,370,0,,gilleco01
87,LaMelo Ball,24,CHO,PG,19,19,540,128,323,.396,55,165,.333,73,158,.462,.481,58,66,.879,19,86,105,164,21,5,66,59,369,1,,ballla01
88,Andrew Nembhard,26,IND,PG,21,21,662,123,288,.427,38,103,.369,85,185,.459,.493,85,100,.850,8,39,47,135,17,3,47,50,369,0,,nembhan01
89,Nic Claxton,26,BKN,C,27,27,817,142,250,.568,1,11,.091,141,239,.590,.570,79,114,.693,74,135,209,120,19,36,41,60,364,2,,claxtni01
90,Myles Turner,29,MIL,C,29,29,839,118,275,.429,65,172,.378,53,103,.515,.547,62,84,.738,31,128,159,50,23,43,29,81,363,0,,turnemy01
91,Kyle Kuzma,30,MIL,SF,27,13,712,138,267,.517,23,71,.324,115,196,.587,.560,63,86,.733,24,105,129,60,21,13,45,66,362,0,,kuzmaky01
92,Kel'el Ware,21,MIA,C,29,19,714,139,248,.560,36,75,.480,103,173,.595,.633,48,59,.814,97,214,311,17,25,40,31,53,362,0,,wareke01
93,Noah Clowney,21,BKN,PF,27,21,761,107,265,.404,62,178,.348,45,87,.517,.521,85,104,.817,22,87,109,51,17,23,48,73,361,0,,clownno01
94,Bobby Portis,30,MIL,PF,29,3,664,145,297,.488,54,115,.470,91,182,.500,.579,17,26,.654,34,143,177,37,16,4,32,48,361,0,,portibo01
95,Toumani Camara,25,POR,PF,29,29,961,129,312,.413,70,205,.341,59,107,.551,.526,32,45,.711,54,97,151,81,33,14,61,101,360,0,,camarto01
96,Jaylen Wells,22,MEM,SF,29,29,793,123,288,.427,49,146,.336,74,142,.521,.512,65,82,.793,28,78,106,48,27,2,28,60,360,0,,wellsja01
97,Harrison Barnes,33,SAS,PF,28,28,840,122,261,.467,62,156,.397,60,105,.571,.586,47,54,.870,23,68,91,61,28,4,32,43,353,0,,barneha02
98,Deandre Ayton,27,LAL,C,23,23,676,164,231,.710,0,0,,164,231,.710,.710,24,38,.632,67,139,206,20,18,24,45,62,352,0,,aytonde01
99,Keldon Johnson,26,SAS,SF,28,0,651,135,235,.574,27,73,.370,108,162,.667,.632,55,73,.753,61,122,183,44,19,3,26,54,352,0,,johnske04
100,Reed Sheppard,21,HOU,SG,26,4,671,128,280,.457,72,163,.442,56,117,.479,.586,23,30,.767,9,71,80,89,40,15,33,57,351,0,,sheppre01
101,John Collins,28,LAC,PF,28,19,759,136,269,.506,25,83,.301,111,186,.597,.552,52,64,.813,36,98,134,22,24,18,43,67,349,0,,collijo01
102,Stephon Castle,21,SAS,PG,19,19,580,119,237,.502,21,76,.276,98,161,.609,.546,88,124,.710,26,80,106,136,25,7,73,62,347,1,,castlst01
103,Dyson Daniels,22,ATL,SG,30,30,1017,152,316,.481,7,52,.135,145,264,.549,.492,35,58,.603,66,127,193,171,59,11,68,68,346,0,,daniedy01
104,Tim Hardaway Jr.,33,DEN,SG,28,2,718,117,253,.462,70,168,.417,47,85,.553,.601,42,47,.894,6,54,60,40,15,2,12,32,346,0,,hardati02
105,Cam Spencer,25,MEM,SG,28,3,637,113,227,.498,73,146,.500,40,81,.494,.659,47,51,.922,9,56,65,122,22,2,38,46,346,0,,spencca01
106,Wendell Carter Jr.,26,ORL,C,28,28,842,119,220,.541,35,83,.422,84,137,.613,.620,70,91,.769,75,136,211,56,20,20,41,102,343,0,,cartewe01
107,Alex Sarr,20,WAS,C,18,18,525,140,275,.509,22,60,.367,118,215,.549,.549,39,61,.639,45,107,152,57,13,34,34,35,341,0,,sarral01
108,Bennedict Mathurin,23,IND,SF,18,18,591,107,251,.426,43,116,.371,64,135,.474,.512,80,94,.851,17,86,103,38,13,4,44,53,337,0,,mathube01
109,Rudy Gobert,33,MIN,C,29,29,915,137,187,.733,0,0,,137,187,.733,.733,60,117,.513,113,203,316,57,14,42,43,84,334,0,,goberru01
110,Rui Hachimura,27,LAL,PF,25,25,823,129,241,.535,47,103,.456,82,138,.594,.633,27,36,.750,20,76,96,22,13,6,22,46,332,0,,hachiru01
111,Max Christie,22,DAL,SG,29,21,817,110,231,.476,68,150,.453,42,81,.519,.623,42,50,.840,6,87,93,54,14,13,30,48,330,0,,chrisma02
112,RJ Barrett,25,TOR,SF,17,17,526,120,237,.506,31,87,.356,89,150,.593,.572,58,80,.725,12,70,82,64,14,4,26,45,329,0,,barrerj01
113,Duncan Robinson,31,DET,SF,27,27,815,107,251,.426,78,201,.388,29,50,.580,.582,35,45,.778,9,69,78,53,23,8,18,69,327,0,,robindu01
114,Collin Sexton,27,CHO,SG,21,10,530,110,225,.489,26,71,.366,84,154,.545,.547,80,91,.879,9,38,47,89,15,4,52,39,326,0,,sextoco01
115,Ayo Dosunmu,26,CHI,SG,22,7,587,118,227,.520,41,88,.466,77,139,.554,.610,48,57,.842,9,46,55,67,12,5,29,37,325,0,,dosunay01
116,Jalen Suggs,24,ORL,PG,21,21,538,113,240,.471,42,128,.328,71,112,.634,.558,56,65,.862,16,62,78,100,39,12,57,64,324,0,,suggsja01
117,Cameron Johnson,29,DEN,SF,27,27,833,110,238,.462,52,123,.423,58,115,.504,.571,47,58,.810,20,78,98,63,17,8,27,63,319,0,,johnsca02
118,Moses Moody,23,GSW,SG,28,17,698,105,251,.418,64,168,.381,41,83,.494,.546,45,54,.833,26,67,93,46,26,20,29,62,319,0,,moodymo01
119,Jaylon Tyson,23,CLE,SG,25,19,698,121,233,.519,48,107,.449,73,126,.579,.622,29,37,.784,46,88,134,49,27,15,30,83,319,0,,tysonja01
120,Josh Hart,30,NYK,SF,26,12,780,119,236,.504,41,105,.390,78,131,.595,.591,37,45,.822,44,161,205,131,36,8,53,66,316,1,,hartjo01
121,Jock Landale,30,MEM,C,29,14,648,122,238,.513,33,79,.418,89,159,.560,.582,37,55,.673,74,96,170,47,16,13,30,73,314,0,,landajo01
122,Klay Thompson,35,DAL,SF,28,8,611,110,298,.369,77,218,.353,33,80,.413,.498,15,21,.714,8,63,71,37,10,8,26,30,312,0,,thompkl01
123,Mark Williams,24,PHO,C,24,21,588,119,179,.665,1,1,1.000,118,178,.663,.668,64,84,.762,71,121,192,26,32,21,24,59,303,0,,willima07
124,Zaccharie Risacher,20,ATL,SF,27,27,667,119,260,.458,39,119,.328,80,141,.567,.533,25,36,.694,23,53,76,43,29,14,24,55,302,0,,risacza01
125,Malik Monk,27,SAC,SG,24,0,555,108,247,.437,44,107,.411,64,140,.457,.526,41,49,.837,9,40,49,57,19,11,27,41,301,0,,monkma01
126,Zion Williamson,25,NOP,PF,14,10,405,103,196,.526,0,3,.000,103,193,.534,.526,95,127,.748,34,47,81,52,17,6,37,30,301,0,,willizi01
127,Sandro Mamukelashvili,26,TOR,C,29,4,593,112,213,.526,36,91,.396,76,122,.623,.610,40,52,.769,42,90,132,46,17,15,27,51,300,0,,mamuksa01
128,Julian Champagnie,24,SAS,SF,28,17,781,95,228,.417,64,173,.370,31,55,.564,.557,43,51,.843,24,128,152,43,27,12,28,41,297,0,,champju02
129,OG Anunoby,28,NYK,PF,19,19,599,106,227,.467,44,115,.383,62,112,.554,.564,39,51,.765,25,72,97,37,34,14,40,47,295,0,,anunoog01
130,Ausar Thompson,23,DET,SF,25,24,666,122,235,.519,5,16,.313,117,219,.534,.530,46,86,.535,53,96,149,70,39,19,39,68,295,0,,thompau01
131,Grayson Allen,30,PHO,SG,18,18,559,100,232,.431,58,148,.392,42,84,.500,.556,36,45,.800,9,40,49,74,30,4,31,44,294,0,,allengr01
132,Ace Bailey,19,UTA,SF,28,19,674,116,267,.434,42,121,.347,74,146,.507,.513,20,30,.667,39,53,92,46,20,10,35,73,294,0,,baileac01
133,Anthony Davis,32,DAL,PF,14,14,432,124,240,.517,9,29,.310,115,211,.545,.535,37,52,.712,49,113,162,41,16,23,27,33,294,0,,davisan02
134,Dennis Schröder,32,SAC,PG,22,12,636,102,250,.408,36,101,.356,66,149,.443,.480,51,63,.810,12,69,81,133,16,4,44,39,291,0,,schrode01
135,Royce O'Neale,32,PHO,SF,28,23,829,101,241,.419,79,195,.405,22,46,.478,.583,8,12,.667,22,124,146,79,37,6,44,66,289,0,,onealro01
136,Brandon Williams,26,DAL,PG,27,9,591,99,249,.398,14,77,.182,85,172,.494,.426,74,92,.804,14,55,69,109,35,7,51,43,286,0,,willibr03
137,Kevin Huerter,27,CHI,SF,23,8,549,108,224,.482,40,119,.336,68,105,.648,.571,28,34,.824,11,63,74,55,22,15,30,48,284,0,,huertke01
138,Gary Trent Jr.,27,MIL,SG,29,17,799,97,251,.386,64,174,.368,33,77,.429,.514,25,31,.806,4,35,39,48,25,2,22,46,283,0,,trentga02
139,Peyton Watson,23,DEN,SF,26,16,683,105,204,.515,30,73,.411,75,131,.573,.588,43,60,.717,29,94,123,42,23,29,31,56,283,0,,watsope01
140,AJ Green,26,MIL,SG,26,26,743,89,189,.471,81,173,.468,8,16,.500,.685,20,25,.800,2,70,72,54,14,3,23,69,279,0,,greenaj01
141,Jordan Clarkson,33,NYK,SG,28,0,558,104,233,.446,36,112,.321,68,121,.562,.524,33,43,.767,25,31,56,43,11,5,35,57,277,0,,clarkjo01
142,Tre Jones,26,CHI,PG,22,11,604,91,175,.520,10,35,.286,81,140,.579,.549,83,96,.865,13,51,64,115,36,6,33,32,275,0,,jonestr01
143,Davion Mitchell,27,MIA,PG,27,27,822,109,214,.509,29,73,.397,80,141,.567,.577,23,36,.639,10,61,71,207,33,2,41,76,270,0,,mitchda01
144,Neemias Queta,26,BOS,C,27,27,663,118,178,.663,0,3,.000,118,175,.674,.663,34,57,.596,83,130,213,43,19,33,22,80,270,0,,quetane01
145,Vit Krejci,25,ATL,PG,26,1,609,91,181,.503,67,145,.462,24,36,.667,.688,18,24,.750,11,49,60,42,19,7,21,62,267,0,,krejcvi01
146,Jarace Walker,22,IND,PF,29,12,717,87,255,.341,40,134,.299,47,121,.388,.420,52,65,.800,15,124,139,57,17,12,53,50,266,0,,walkeja02
147,Simone Fontecchio,30,MIA,SF,28,1,543,85,219,.388,57,155,.368,28,64,.438,.518,38,48,.792,13,71,84,49,11,5,27,46,265,0,,fontesi01
148,Jarrett Allen,27,CLE,C,19,19,492,102,173,.590,0,4,.000,102,169,.604,.590,60,77,.779,42,98,140,38,19,18,30,31,264,0,,allenja01
149,Donovan Clingan,21,POR,C,25,25,651,100,195,.513,19,66,.288,81,129,.628,.562,44,66,.667,113,143,256,44,15,40,21,61,263,0,,clingdo01
150,Isaiah Stewart,24,DET,C,26,7,592,97,183,.530,24,62,.387,73,121,.603,.596,42,58,.724,53,107,160,29,6,51,32,80,260,0,,stewais01
151,Kyle Filipowski,22,UTA,C,27,10,615,93,195,.477,24,73,.329,69,122,.566,.538,46,64,.719,45,127,172,58,13,13,32,74,256,0,,filipky01
152,Tobias Harris,33,DET,PF,19,19,547,91,208,.438,26,79,.329,65,129,.504,.500,48,58,.828,21,73,94,48,11,6,19,43,256,0,,harrito02
153,Coby White,25,CHI,SG,12,10,354,80,181,.442,25,84,.298,55,97,.567,.511,69,87,.793,5,37,42,62,8,0,34,27,254,0,,whiteco01
154,Svi Mykhailiuk,28,UTA,SG,27,27,685,95,198,.480,54,134,.403,41,64,.641,.616,9,10,.900,18,50,68,53,13,3,23,36,253,0,,mykhasv01
155,Tristan Da Silva,24,ORL,SF,26,10,602,94,214,.439,42,115,.365,52,99,.525,.537,22,27,.815,21,80,101,30,21,6,25,32,252,0,,dasiltr01
156,Kristaps Porziņģis,30,ATL,C,13,12,337,83,167,.497,24,66,.364,59,101,.584,.569,59,69,.855,19,54,73,40,6,21,12,44,249,0,,porzikr01
157,Ja Morant,26,MEM,PG,14,14,392,81,227,.357,13,67,.194,68,160,.425,.385,73,79,.924,7,42,49,105,13,3,50,29,248,0,,moranja01
158,Darius Garland,26,CLE,PG,14,14,424,83,210,.395,34,96,.354,49,114,.430,.476,47,53,.887,11,32,43,95,12,2,40,27,247,0,,garlada01
159,Brice Sensabaugh,22,UTA,SF,27,1,448,83,198,.419,40,119,.336,43,79,.544,.520,39,44,.886,18,54,72,33,17,5,22,47,245,0,,sensabr01
160,Aaron Gordon,30,DEN,PF,13,13,368,82,154,.532,28,63,.444,54,91,.593,.623,52,60,.867,19,58,77,17,10,3,18,24,244,0,,gordoaa01
161,Isaiah Joe,26,OKC,SG,20,0,452,75,164,.457,56,133,.421,19,31,.613,.628,38,41,.927,12,46,58,31,12,4,19,36,244,0,,joeis01
162,Isaiah Hartenstein,27,OKC,C,21,21,576,105,160,.656,0,4,.000,105,156,.673,.656,33,52,.635,73,149,222,65,25,17,44,59,243,0,,harteis01
163,Jonas Valančiūnas,33,DEN,C,28,0,365,101,173,.584,3,12,.250,98,161,.609,.592,38,51,.745,41,91,132,33,6,16,29,55,243,0,,valanjo01
164,Jose Alvarado,27,NOP,PG,29,0,648,88,204,.431,49,131,.374,39,73,.534,.551,17,21,.810,13,68,81,94,30,4,37,58,242,0,,alvarjo01
165,Bub Carrington,20,WAS,PG,27,11,751,83,214,.388,48,115,.417,35,99,.354,.500,27,38,.711,10,91,101,117,13,4,57,63,241,0,,carrica01
166,D'Angelo Russell,29,DAL,PG,23,3,448,84,209,.402,29,103,.282,55,106,.519,.471,43,60,.717,8,49,57,92,11,2,46,30,240,0,,russeda01
167,Quinten Post,25,GSW,C,30,16,568,88,209,.421,45,136,.331,43,73,.589,.529,14,18,.778,34,101,135,47,17,18,23,60,235,0,,postqu01
168,Ron Holland,20,DET,SF,28,5,588,85,210,.405,19,76,.250,66,134,.493,.450,45,56,.804,26,79,105,42,42,6,37,63,234,0,,hollaro01
169,Jake LaRavia,24,LAL,PF,27,8,675,86,189,.455,25,82,.305,61,107,.570,.521,37,53,.698,38,75,113,53,33,9,27,61,234,0,,laravja01
170,Brandon Miller,23,CHO,SF,13,13,374,81,209,.388,32,98,.327,49,111,.441,.464,40,47,.851,15,36,51,46,14,15,34,37,234,0,,millebr02
171,Kentavious Caldwell-Pope,32,MEM,SG,29,13,643,77,197,.391,37,102,.363,40,95,.421,.485,42,46,.913,12,58,70,98,23,5,40,30,233,0,,caldwke01
172,Kris Dunn,31,LAC,PG,28,22,748,89,178,.500,31,80,.388,58,98,.592,.587,23,31,.742,23,57,80,83,43,5,40,68,232,0,,dunnkr01
173,Miles McBride,25,NYK,SG,20,9,539,79,181,.436,55,124,.444,24,57,.421,.588,19,24,.792,14,37,51,49,13,5,15,35,232,0,,mcbrimi01
174,Jay Huff,27,IND,C,29,13,568,79,191,.414,40,133,.301,39,58,.672,.518,31,38,.816,32,85,117,36,7,71,22,67,229,0,,huffja01
175,Tre Johnson,19,WAS,SG,20,4,467,83,189,.439,40,101,.396,43,88,.489,.545,23,27,.852,11,53,64,28,9,9,29,35,229,0,,johnstr03
176,Jusuf Nurkić,31,UTA,C,26,21,645,92,194,.474,10,37,.270,82,157,.522,.500,35,71,.493,65,185,250,107,36,9,65,82,229,0,,nurkiju01
177,Dylan Harper,19,SAS,SG,18,0,387,88,192,.458,13,47,.277,75,145,.517,.492,38,53,.717,18,39,57,65,14,1,30,42,227,0,,harpedy01
178,Ryan Kalkbrenner,24,CHO,C,26,25,665,96,122,.787,0,2,.000,96,120,.800,.787,34,47,.723,67,100,167,16,18,47,30,48,226,0,,kalkbry01
179,Egor Dëmin,19,BKN,PG,25,18,584,80,206,.388,49,139,.353,31,67,.463,.507,16,19,.842,12,68,80,85,23,8,45,48,225,0,,demineg01
180,Joel Embiid,31,PHI,C,11,11,288,75,178,.421,12,53,.226,63,125,.504,.455,63,77,.818,20,53,73,31,9,14,27,22,225,0,,embiijo01
181,Cason Wallace,22,OKC,SG,28,26,778,85,201,.423,41,113,.363,44,88,.500,.525,14,17,.824,20,63,83,65,67,6,27,62,225,0,,wallaca01
182,Buddy Hield,33,GSW,SG,29,3,520,82,197,.416,42,129,.326,40,68,.588,.523,17,18,.944,20,52,72,44,23,2,32,38,223,0,,hieldbu01
183,LeBron James,41,LAL,SF,11,11,375,83,173,.480,15,53,.283,68,120,.567,.523,41,60,.683,9,53,62,78,10,8,29,17,222,0,,jamesle01
184,Keegan Murray,25,SAC,PF,14,13,536,88,199,.442,20,75,.267,68,124,.548,.492,26,34,.765,26,69,95,21,21,23,17,31,222,0,,murrake02
185,Marvin Bagley III,26,WAS,PF,22,7,427,91,147,.619,6,12,.500,85,135,.630,.639,32,49,.653,60,64,124,36,11,15,25,53,220,0,,baglema01
186,Moussa Diabaté,24,CHO,C,28,2,613,82,135,.607,0,0,,82,135,.607,.607,54,80,.675,96,116,212,32,23,26,22,71,218,0,,diabamo01
187,Jordan Goodwin,27,PHO,PG,25,2,524,85,203,.419,35,98,.357,50,105,.476,.505,11,16,.688,44,58,102,50,37,5,29,42,216,0,,goodwjo01
188,Herbert Jones,27,NOP,SF,22,22,616,79,194,.407,31,90,.344,48,104,.462,.487,26,32,.813,23,58,81,52,37,7,29,73,215,0,,joneshe01
189,Isaiah Jackson,24,IND,C,29,14,530,83,142,.585,0,0,,83,142,.585,.585,46,62,.742,73,98,171,24,21,24,33,87,212,0,,jacksis01
190,Jonathan Kuminga,23,GSW,PF,18,13,446,78,181,.431,16,50,.320,62,131,.473,.475,40,54,.741,28,83,111,46,5,6,44,31,212,0,,kuminjo01
191,Terance Mann,29,BKN,SG,25,25,657,77,168,.458,25,70,.357,52,98,.531,.533,32,38,.842,35,52,87,93,19,5,26,67,211,0,,mannte01
192,Maxime Raynaud,22,SAC,C,21,7,437,85,163,.521,6,18,.333,79,145,.545,.540,35,46,.761,36,85,121,20,10,10,24,51,211,0,,raynama01
193,Pelle Larsson,24,MIA,SG,24,16,525,71,160,.444,25,74,.338,46,86,.535,.522,42,54,.778,11,49,60,76,13,5,25,46,209,0,,larsspe01
194,Ziaire Williams,24,BKN,SF,24,2,538,68,172,.395,37,124,.298,31,48,.646,.503,36,43,.837,16,46,62,17,21,12,26,47,209,0,,willizi02
195,Tyrese Martin,26,BKN,SG,26,6,531,77,198,.389,36,114,.316,41,84,.488,.480,16,22,.727,26,57,83,63,18,3,28,27,206,0,,martity01
196,Jakob Poeltl,30,TOR,C,21,21,531,88,127,.693,0,0,,88,127,.693,.693,28,47,.596,57,105,162,45,16,11,33,66,204,0,,poeltja01
197,Jordan Poole,26,NOP,PG,12,4,349,62,168,.369,30,101,.297,32,67,.478,.458,50,53,.943,3,17,20,40,8,4,23,29,204,0,,poolejo01
198,Will Richard,23,GSW,SG,25,12,472,71,131,.542,33,79,.418,38,52,.731,.668,28,35,.800,26,42,68,26,23,1,17,52,203,0,,richawi02
199,Bruce Brown,29,DEN,SG,28,1,683,78,173,.451,15,45,.333,63,128,.492,.494,31,38,.816,30,86,116,56,27,7,26,66,202,0,,brownbr01
200,Jalen Smith,25,CHI,C,23,0,380,75,158,.475,30,84,.357,45,74,.608,.570,22,29,.759,42,89,131,28,7,15,23,44,202,0,,smithja04
201,Kelly Oubre Jr.,30,PHI,SF,12,12,418,74,149,.497,23,67,.343,51,82,.622,.574,30,38,.789,14,47,61,16,13,10,18,32,201,0,,oubreke01
202,Jrue Holiday,35,POR,PG,12,12,401,74,166,.446,31,85,.365,43,81,.531,.539,21,25,.840,16,47,63,99,19,3,35,24,200,0,,holidjr01
203,Kevin Porter Jr.,25,MIL,PG,10,10,312,66,135,.489,27,57,.474,39,78,.500,.589,41,47,.872,7,41,48,77,23,4,36,22,200,1,,porteke02
204,Sam Hauser,28,BOS,PF,29,5,635,68,192,.354,60,168,.357,8,24,.333,.510,3,4,.750,18,83,101,40,17,8,17,36,199,0,,hausesa01
205,Caris LeVert,31,DET,SG,23,0,472,69,159,.434,29,76,.382,40,83,.482,.525,32,49,.653,7,34,41,65,18,11,30,30,199,0,,leverca01
206,Sion James,23,CHO,SG,29,14,753,63,154,.409,35,95,.368,28,59,.475,.523,37,44,.841,12,81,93,44,20,13,27,49,198,0,,jamessi01
207,Andre Drummond,32,PHI,C,26,13,570,76,144,.528,15,36,.417,61,108,.565,.580,27,44,.614,91,159,250,25,16,26,21,55,194,0,,drumman01
208,Draymond Green,35,GSW,PF,24,24,649,72,176,.409,34,104,.327,38,72,.528,.506,16,26,.615,20,126,146,122,21,21,75,80,194,0,,greendr01
209,Cam Whitmore,21,WAS,SF,21,0,354,77,169,.456,16,56,.286,61,113,.540,.503,23,31,.742,19,39,58,15,15,8,18,25,193,0,,whitmca01
210,Aaron Wiggins,27,OKC,SG,16,5,386,72,158,.456,35,86,.407,37,72,.514,.566,11,15,.733,12,38,50,29,9,9,18,33,190,0,,wiggiaa01
211,Domantas Sabonis,29,SAC,C,11,11,365,74,145,.510,4,20,.200,70,125,.560,.524,37,51,.725,37,98,135,41,13,2,28,44,189,0,,sabondo01
212,Jamal Shead,23,TOR,PG,30,1,606,61,172,.355,31,96,.323,30,76,.395,.445,35,45,.778,12,46,58,162,32,3,37,58,188,0,,sheadja01
213,Patrick Williams,24,CHI,PF,27,1,535,65,171,.380,37,91,.407,28,80,.350,.488,21,33,.636,22,63,85,33,22,7,25,41,188,0,,willipa01
214,Gradey Dick,22,TOR,SG,30,0,474,63,158,.399,28,87,.322,35,71,.493,.487,33,40,.825,12,43,55,19,20,3,15,35,187,0,,dickgr01
215,Luke Kennard,29,ATL,SG,27,0,544,64,132,.485,36,82,.439,28,50,.560,.621,23,25,.920,12,39,51,59,21,1,25,33,187,0,,kennalu01
216,Javonte Green,32,DET,SG,29,3,535,63,151,.417,25,78,.321,38,73,.521,.500,35,46,.761,21,59,80,25,37,10,20,43,186,0,,greenja02
217,Marcus Smart,31,LAL,SG,18,12,494,60,149,.403,30,100,.300,30,49,.612,.503,36,39,.923,12,35,47,49,27,7,32,53,186,0,,smartma01
218,Josh Minott,23,BOS,PF,28,10,508,66,130,.508,32,72,.444,34,58,.586,.631,20,26,.769,38,76,114,32,23,11,18,49,184,0,,minotjo01
219,Josh Okogie,27,HOU,SG,26,20,580,63,135,.467,30,72,.417,33,63,.524,.578,27,37,.730,38,43,81,28,33,6,23,51,183,0,,okogijo01
220,Dru Smith,28,MIA,SG,29,1,503,63,153,.412,21,66,.318,42,87,.483,.480,36,46,.783,25,47,72,85,44,9,27,44,183,0,,smithdr01
221,Daniss Jenkins,24,DET,PG,24,6,394,68,157,.433,19,55,.345,49,102,.480,.494,27,35,.771,16,29,45,72,20,1,31,33,182,0,,jenkida01
222,Day'Ron Sharpe,24,BKN,C,26,0,420,67,112,.598,5,20,.250,62,92,.674,.621,43,67,.642,52,89,141,53,22,13,44,55,182,0,,sharpda01
223,Jalen Williams,24,OKC,SG,10,10,295,69,150,.460,11,31,.355,58,119,.487,.497,33,36,.917,7,45,52,50,15,6,18,20,182,0,,willija06
224,Tre Mann,24,CHO,PG,20,1,406,69,193,.358,30,96,.313,39,97,.402,.435,13,15,.867,18,41,59,54,13,3,37,42,181,0,,manntr01
225,Paul George,35,PHI,PF,11,11,295,59,139,.424,27,66,.409,32,73,.438,.522,33,38,.868,4,52,56,37,15,4,18,18,178,0,,georgpa01
226,Jordan Walsh,21,BOS,PF,24,16,503,66,113,.584,20,45,.444,46,68,.676,.673,23,27,.852,38,83,121,23,28,15,16,65,175,0,,walshjo01
227,Cole Anthony,25,MIL,PG,25,0,399,73,172,.424,14,51,.275,59,121,.488,.465,13,22,.591,10,58,68,99,17,8,50,57,173,0,,anthoco01
228,Khris Middleton,34,WAS,SF,17,17,435,68,145,.469,15,43,.349,53,102,.520,.521,22,30,.733,19,51,70,60,13,6,30,50,173,0,,middlkh01
229,Isaac Okoro,25,CHI,SG,20,20,491,67,136,.493,22,61,.361,45,75,.600,.574,16,22,.727,24,27,51,28,12,11,15,60,172,0,,okorois01
230,TJ McConnell,33,IND,PG,18,0,301,82,151,.543,6,20,.300,76,131,.580,.563,1,1,1.000,6,43,49,82,21,4,19,20,171,0,,mccontj01
231,Sam Merrill,29,CLE,SG,13,8,337,56,123,.455,44,103,.427,12,20,.600,.634,15,16,.938,9,17,26,32,7,3,10,35,171,0,,merrisa01
232,Collin Murray-Boyles,20,TOR,PF,25,4,443,69,124,.556,13,29,.448,56,95,.589,.609,20,33,.606,42,44,86,36,15,9,27,58,171,0,,murraco01
233,Cam Thomas,24,BKN,SG,8,8,226,53,132,.402,16,45,.356,37,87,.425,.462,49,56,.875,3,8,11,21,4,1,16,15,171,0,,thomaca02
234,Aaron Nesmith,26,IND,SF,11,11,335,54,147,.367,31,83,.373,23,64,.359,.473,31,39,.795,17,32,49,17,9,3,8,27,170,0,,nesmiaa01
235,Tristan Vukcevic,22,WAS,C,23,2,285,58,126,.460,11,51,.216,47,75,.627,.504,41,53,.774,14,48,62,22,7,13,25,35,168,0,,vukcetr01
236,Ryan Dunn,23,PHO,SF,23,11,519,67,148,.453,18,59,.305,49,89,.551,.514,14,20,.700,40,70,110,44,30,14,26,59,166,0,,dunnry01
237,Goga Bitadze,26,ORL,C,28,0,468,65,94,.691,2,8,.250,63,86,.733,.702,33,42,.786,52,89,141,38,21,37,17,59,165,0,,bitadgo01
238,Isaiah Collier,21,UTA,PG,20,1,441,55,114,.482,7,21,.333,48,93,.516,.513,47,67,.701,4,37,41,124,12,6,41,43,164,0,,colliis01
239,Mouhamed Gueye,23,ATL,PF,30,3,495,68,140,.486,15,60,.250,53,80,.663,.539,13,23,.565,33,70,103,25,17,21,19,50,164,0,,gueyemo02
240,Aaron Holiday,29,HOU,PG,20,0,319,52,116,.448,35,79,.443,17,37,.459,.599,25,29,.862,3,19,22,21,8,3,19,28,164,0,,holidaa01
241,Dominick Barlow,22,PHI,PF,18,15,478,64,119,.538,8,32,.250,56,87,.644,.571,27,34,.794,38,63,101,33,15,18,19,41,163,0,,barlodo01
242,Luke Kornet,30,SAS,C,20,15,501,61,96,.635,0,0,,61,96,.635,.635,41,49,.837,61,73,134,39,7,28,12,42,163,0,,kornelu01
243,Vince Williams Jr.,25,MEM,PG,22,11,481,56,166,.337,26,94,.277,30,72,.417,.416,24,30,.800,18,75,93,108,18,12,47,47,162,0,,willivi01
244,Precious Achiuwa,26,SAC,C,22,9,427,67,127,.528,4,17,.235,63,110,.573,.543,22,47,.468,40,72,112,21,15,9,10,36,160,0,,achiupr01
245,Luguentz Dort,26,OKC,SF,20,20,558,55,152,.362,34,110,.309,21,42,.500,.474,15,16,.938,20,54,74,23,18,11,12,61,159,0,,dortlu01
246,Caleb Love,24,POR,SG,21,0,358,58,176,.330,26,103,.252,32,73,.438,.403,15,19,.789,12,37,49,44,9,0,17,25,157,0,,loveca01
247,Dean Wade,29,CLE,PF,28,7,642,52,135,.385,31,100,.310,21,35,.600,.500,21,29,.724,25,89,114,45,21,13,7,51,156,0,,wadede01
248,Kris Murray,25,POR,SF,27,5,680,60,135,.444,15,58,.259,45,77,.584,.500,18,27,.667,48,57,105,28,30,10,24,57,153,0,,murrakr01
249,Corey Kispert,26,WAS,SF,17,2,338,52,103,.505,27,67,.403,25,36,.694,.636,21,29,.724,6,36,42,29,8,3,11,18,152,0,,kispeco01
250,Zach Edey,23,MEM,C,11,11,284,62,98,.633,1,5,.200,61,93,.656,.638,25,32,.781,43,79,122,12,7,21,26,37,150,0,,edeyza01
251,Daniel Gafford,27,DAL,C,19,13,400,55,91,.604,0,0,,55,91,.604,.604,40,51,.784,38,75,113,22,17,29,28,51,150,0,,gaffoda01
252,Walter Clayton,22,UTA,PG,24,0,387,51,123,.415,20,67,.299,31,56,.554,.496,25,27,.926,10,40,50,78,12,4,31,44,147,0,,claytwa01
253,Pat Spencer,29,GSW,PG,21,3,325,55,128,.430,15,38,.395,40,90,.444,.488,21,24,.875,15,34,49,64,15,1,20,29,146,0,,spencpa01
254,Ja'Kobe Walter,21,TOR,SG,27,7,452,51,121,.421,30,77,.390,21,44,.477,.545,14,20,.700,19,33,52,21,26,4,17,52,146,0,,walteja01
255,Jaxson Hayes,25,LAL,C,24,4,424,59,77,.766,1,1,1.000,58,76,.763,.773,26,40,.650,33,67,100,24,8,16,13,46,145,0,,hayesja02
256,Bryce McGowens,23,NOP,SG,18,5,310,48,92,.522,15,29,.517,33,63,.524,.603,34,43,.791,4,33,37,25,8,4,5,26,145,0,,mcgowbr01
257,Nae'Qwan Tomlin,25,CLE,PF,21,2,338,56,117,.479,10,42,.238,46,75,.613,.521,22,32,.688,32,33,65,14,16,13,8,44,144,0,,tomlina01
258,Ben Sheppard,24,IND,SG,22,11,549,52,147,.354,24,88,.273,28,59,.475,.435,15,19,.789,18,72,90,43,14,3,15,43,143,0,,sheppbe01
259,Tari Eason,24,HOU,PF,12,1,271,53,103,.515,30,56,.536,23,47,.489,.660,6,9,.667,18,42,60,21,10,5,19,18,142,0,,easonta01
260,Sidy Cissoko,21,POR,SF,24,10,489,47,119,.395,21,70,.300,26,49,.531,.483,24,34,.706,19,35,54,34,13,4,26,62,139,0,,cissosi01
261,Tyler Herro,26,MIA,SG,6,6,191,50,99,.505,15,37,.405,35,62,.565,.581,24,26,.923,3,27,30,14,6,3,7,9,139,0,,herroty01
262,Landry Shamet,28,NYK,SG,15,6,314,42,93,.452,28,66,.424,14,27,.519,.602,27,34,.794,7,23,30,18,6,3,7,19,139,0,,shamela01
263,Keon Ellis,26,SAC,SG,27,2,458,47,122,.385,31,88,.352,16,34,.471,.512,13,22,.591,9,28,37,19,35,11,13,49,138,0,,elliske01
264,Oso Ighodaro,23,PHO,PF,28,5,512,64,110,.582,0,1,.000,64,109,.587,.582,10,26,.385,30,85,115,48,24,15,36,71,138,0,,ighodos01
265,Ryan Nembhard,22,DAL,PG,17,11,354,59,121,.488,18,43,.419,41,78,.526,.562,2,3,.667,5,25,30,93,6,0,29,30,138,0,,nembhry01
266,Nikola Jović,22,MIA,PF,19,1,347,46,118,.390,17,60,.283,29,58,.500,.462,28,39,.718,11,56,67,50,10,7,35,40,137,0,,jovicni01
267,Jaylin Williams,23,OKC,PF,25,3,458,44,124,.355,30,102,.294,14,22,.636,.476,19,29,.655,13,105,118,61,17,12,25,46,137,0,,willija07
268,Derrick Jones Jr.,28,LAC,SF,13,13,324,49,92,.533,16,46,.348,33,46,.717,.620,22,28,.786,11,20,31,14,11,15,10,26,136,0,,jonesde02
269,Jared McCain,21,PHI,SG,18,0,335,49,137,.358,23,69,.333,26,68,.382,.442,13,15,.867,2,37,39,35,17,0,16,24,134,0,,mccaija01
270,Mike Conley,38,MIN,PG,25,5,483,39,108,.361,28,76,.368,11,32,.344,.491,27,29,.931,10,39,49,83,15,5,17,42,133,0,,conlemi01
271,Drew Eubanks,28,SAC,C,25,11,360,56,91,.615,1,2,.500,55,89,.618,.621,20,38,.526,20,51,71,8,12,17,22,34,133,0,,eubandr01
272,Luka Garza,27,BOS,C,21,1,299,46,81,.568,11,27,.407,35,54,.648,.636,30,39,.769,52,33,85,20,6,10,9,53,133,0,,garzalu01
273,Trae Young,27,ATL,PG,7,7,186,39,94,.415,12,40,.300,27,54,.500,.479,42,50,.840,0,12,12,58,5,1,15,14,132,0,,youngtr01
274,Justin Edwards,22,PHI,SF,24,5,399,46,123,.374,27,81,.333,19,42,.452,.484,12,13,.923,14,28,42,34,17,6,19,42,131,0,,edwarju01
275,Dalton Knecht,24,LAL,SF,22,1,320,49,106,.462,21,61,.344,28,45,.622,.561,10,15,.667,9,32,41,12,7,7,8,26,129,0,,knechda01
276,Lonzo Ball,28,CLE,PG,23,3,549,43,141,.305,30,114,.263,13,27,.481,.411,12,18,.667,24,79,103,111,33,6,40,35,128,0,,balllo01
277,Craig Porter Jr.,25,CLE,PG,26,0,414,53,99,.535,14,33,.424,39,66,.591,.606,8,15,.533,36,41,77,59,26,14,20,31,128,0,,portecr01
278,Paul Reed,26,DET,C,22,2,233,55,85,.647,6,13,.462,49,72,.681,.682,12,20,.600,39,48,87,22,16,14,21,31,128,0,,reedpa01
279,Brook Lopez,37,LAC,C,21,0,308,45,111,.405,28,75,.373,17,36,.472,.532,9,13,.692,6,37,43,11,6,19,19,37,127,0,,lopezbr01
280,Steven Adams,32,HOU,C,21,5,458,45,94,.479,0,0,,45,94,.479,.479,36,51,.706,96,89,185,31,15,14,22,41,126,0,,adamsst01
281,Bogdan Bogdanović,33,LAC,SG,14,3,339,43,110,.391,23,68,.338,20,42,.476,.495,16,19,.842,5,39,44,42,8,1,18,39,125,0,,bogdabo01
282,Christian Braun,24,DEN,SG,11,11,325,48,97,.495,6,28,.214,42,69,.609,.526,23,29,.793,18,30,48,33,9,3,14,24,125,0,,braunch01
283,Jaden Hardy,23,DAL,SG,22,0,231,40,103,.388,25,65,.385,15,38,.395,.510,20,24,.833,5,22,27,11,4,2,17,25,125,0,,hardyja02
284,Trendon Watford,25,PHI,PF,14,4,286,47,88,.534,7,18,.389,40,70,.571,.574,24,30,.800,15,51,66,50,6,3,21,38,125,1,,watfotr01
285,Kobe Sanders,23,LAC,SG,20,3,388,42,98,.429,18,51,.353,24,47,.511,.520,22,24,.917,8,31,39,26,12,3,31,45,124,0,,sandeko01
286,Justin Champagnie,24,WAS,SF,25,8,375,43,102,.422,9,39,.231,34,63,.540,.466,28,37,.757,45,75,120,24,18,11,9,32,123,0,,champju01
287,Nicolas Batum,37,LAC,PF,27,2,533,39,103,.379,37,98,.378,2,5,.400,.558,6,7,.857,13,62,75,20,23,12,19,53,121,0,,batumni01
288,Bones Hyland,25,MIN,PG,20,3,244,42,85,.494,21,56,.375,21,29,.724,.618,15,18,.833,5,20,25,40,11,2,17,33,120,0,,hylanbo01
289,Spencer Jones,24,DEN,SF,24,13,432,46,86,.535,17,47,.362,29,39,.744,.634,11,20,.550,26,25,51,20,19,6,13,61,120,0,,jonessp01
290,Tyrese Proctor,21,CLE,PG,22,1,266,39,112,.348,22,72,.306,17,40,.425,.446,19,23,.826,4,28,32,31,7,0,9,25,119,0,,proctty01
291,Kevin Love,37,UTA,PF,17,0,273,39,90,.433,24,65,.369,15,25,.600,.567,16,22,.727,28,58,86,28,6,6,11,34,118,0,,loveke01
292,Nique Clifford,23,SAC,SG,25,3,441,44,115,.383,13,51,.255,31,64,.484,.439,16,22,.727,15,54,69,35,12,7,22,53,117,0,,cliffni01
293,Yves Missi,21,NOP,C,22,6,385,51,91,.560,0,0,,51,91,.560,.560,14,28,.500,68,49,117,23,4,23,22,41,116,0,,missiyv01
294,Jabari Walker,23,PHI,PF,26,5,364,39,92,.424,12,39,.308,27,53,.509,.489,26,35,.743,35,59,94,14,5,8,13,48,116,0,,walkeja01
295,Micah Peavy,24,NOP,SG,24,1,373,48,117,.410,9,38,.237,39,79,.494,.449,10,14,.714,24,34,58,25,13,2,9,38,115,0,,peavymi01
296,Robert Williams,28,POR,C,19,1,299,52,75,.693,1,9,.111,51,66,.773,.700,10,15,.667,39,74,113,17,12,28,11,24,115,0,,williro04
297,Drake Powell,20,BKN,SG,19,0,337,40,82,.488,14,37,.378,26,45,.578,.573,20,21,.952,4,31,35,37,14,3,22,32,114,0,,poweldr01
298,Jordan Hawkins,23,NOP,SG,23,0,319,41,122,.336,23,69,.333,18,53,.340,.430,8,12,.667,8,29,37,19,3,2,10,13,113,0,,hawkijo01
299,Jaden Ivey,23,DET,SG,14,0,210,41,90,.456,14,42,.333,27,48,.563,.533,16,18,.889,8,22,30,21,10,2,14,23,112,0,,iveyja01
300,Jaylen Clark,24,MIN,SG,26,0,375,39,94,.415,15,48,.313,24,46,.522,.495,18,30,.600,26,27,53,12,21,3,9,44,111,0,,clarkja02
301,Jett Howard,22,ORL,SF,20,0,239,40,90,.444,22,61,.361,18,29,.621,.567,9,9,1.000,6,24,30,18,4,3,5,22,111,0,,howarje01
302,Alex Caruso,31,OKC,SG,19,0,357,40,98,.408,20,60,.333,20,38,.526,.510,10,12,.833,13,46,59,46,34,7,17,25,110,0,,carusal01
303,Keaton Wallace,26,ATL,PG,26,2,357,40,100,.400,25,62,.403,15,38,.395,.525,5,10,.500,1,37,38,69,17,4,18,33,110,0,,wallake01
304,Bilal Coulibaly,21,WAS,SG,13,13,348,35,98,.357,11,45,.244,24,53,.453,.413,28,37,.757,7,45,52,38,16,12,25,34,109,0,,coulibi01
305,Gary Payton II,33,GSW,SG,28,1,331,48,99,.485,9,32,.281,39,67,.582,.530,4,7,.571,29,58,87,47,17,7,22,42,109,0,,paytoga02
306,Tony Bradley,28,IND,C,23,3,260,42,74,.568,0,1,.000,42,73,.575,.568,23,31,.742,38,23,61,14,3,4,9,46,107,0,,bradlto01
307,Danny Wolf,21,BKN,PF,13,0,230,36,89,.404,16,42,.381,20,47,.426,.494,17,20,.850,11,43,54,23,5,3,19,12,105,0,,wolfda01
308,Jeremy Sochan,22,SAS,PF,19,0,302,43,87,.494,7,26,.269,36,61,.590,.534,11,16,.688,23,41,64,25,10,4,15,42,104,0,,sochaje01
309,Jalen Wilson,25,BKN,PF,20,0,279,33,87,.379,21,58,.362,12,29,.414,.500,16,21,.762,2,19,21,11,5,0,10,25,103,0,,wilsoja03
310,Hugo González,19,BOS,SF,24,1,341,43,81,.531,12,29,.414,31,52,.596,.605,4,9,.444,19,56,75,12,19,7,16,50,102,0,,gonzahu01
311,Tidjane Salaün,20,CHO,PF,16,0,248,35,70,.500,18,40,.450,17,30,.567,.629,14,20,.700,9,47,56,14,8,3,9,27,102,0,,salauti01
312,Thomas Bryant,28,CLE,C,23,0,216,36,74,.486,10,36,.278,26,38,.684,.554,18,22,.818,13,45,58,8,6,7,8,27,100,0,,bryanth01
313,Branden Carlson,26,OKC,C,19,1,210,41,72,.569,15,36,.417,26,36,.722,.674,3,7,.429,10,34,44,13,2,11,7,18,100,0,,carlsbr01
314,Tyler Kolek,24,NYK,PG,24,0,278,42,86,.488,11,39,.282,31,47,.660,.552,5,8,.625,7,26,33,57,11,2,20,29,100,0,,kolekty01
315,Asa Newell,20,ATL,PF,20,0,193,38,68,.559,15,30,.500,23,38,.605,.669,9,13,.692,17,15,32,11,6,5,8,27,100,0,,newelas01
316,Terrence Shannon Jr.,25,MIN,SG,20,0,267,32,77,.416,15,35,.429,17,42,.405,.513,21,27,.778,6,22,28,14,7,1,14,29,100,0,,shannte01
317,Jevon Carter,30,CHI,PG,14,0,200,31,76,.408,24,57,.421,7,19,.368,.566,10,10,1.000,5,15,20,17,11,0,8,15,96,0,,carteje01
318,Liam McNeeley,20,CHO,SF,19,0,259,28,69,.406,19,46,.413,9,23,.391,.543,21,25,.840,9,36,45,17,4,2,10,29,96,0,,mcneeli01
319,Will Riley,19,WAS,SF,21,0,251,35,77,.455,6,26,.231,29,51,.569,.494,20,26,.769,15,20,35,21,7,2,13,13,96,0,,rileywi01
320,Karlo Matković,24,NOP,PF,20,0,231,42,63,.667,7,17,.412,35,46,.761,.722,3,10,.300,14,50,64,18,3,14,10,30,94,0,,matkoka01
321,Rob Dillingham,21,MIN,PG,25,0,265,38,109,.349,7,24,.292,31,85,.365,.381,10,14,.714,5,27,32,49,16,3,26,31,93,0,,dilliro01
322,Taylor Hendricks,22,UTA,PF,17,3,253,32,69,.464,14,34,.412,18,35,.514,.565,14,19,.737,22,36,58,9,6,4,7,17,92,0,,hendrta01
323,Mitchell Robinson,27,NYK,C,19,10,345,38,53,.717,0,0,,38,53,.717,.717,16,38,.421,85,78,163,20,16,21,14,43,92,0,,robinmi01
324,Ochai Agbaji,25,TOR,SG,22,6,354,35,87,.402,6,31,.194,29,56,.518,.437,14,17,.824,11,36,47,17,11,5,6,44,90,0,,agbajoc01
325,Trayce Jackson-Davis,25,GSW,C,20,1,258,34,59,.576,0,0,,34,59,.576,.576,19,31,.613,30,44,74,23,6,14,12,26,87,0,,jackstr02
326,Clint Capela,31,HOU,C,24,1,270,37,68,.544,0,0,,37,68,.544,.544,12,19,.632,61,50,111,10,9,16,12,23,86,0,,capelca01
327,Jase Richardson,20,ORL,SG,18,0,165,33,68,.485,12,28,.429,21,40,.525,.574,8,11,.727,7,13,20,20,5,1,10,14,86,0,,richaja02
328,Jamaree Bouyea,26,PHO,PG,12,0,172,33,56,.589,12,23,.522,21,33,.636,.696,6,7,.857,4,14,18,20,8,6,4,8,84,0,,bouyeja01
329,KJ Simpson,23,CHO,PG,14,2,223,31,89,.348,12,39,.308,19,50,.380,.416,10,16,.625,5,24,29,35,15,0,24,14,84,0,,simpskj01
330,Jarred Vanderbilt,26,LAL,PF,18,2,327,28,67,.418,7,22,.318,21,45,.467,.470,19,25,.760,32,69,101,24,17,7,25,35,82,0,,vandeja01
331,Quenton Jackson,27,IND,PG,9,5,169,26,55,.473,8,21,.381,18,34,.529,.545,21,29,.724,6,20,26,22,7,1,11,14,81,0,,jacksqu01
332,Nick Richards,28,PHO,C,24,2,225,31,60,.517,0,0,,31,60,.517,.517,19,28,.679,29,49,78,8,2,11,23,34,81,0,,richani01
333,Tyus Jones,29,ORL,PG,29,4,425,29,85,.341,15,54,.278,14,31,.452,.429,6,6,1.000,5,20,25,63,21,2,10,14,79,0,,jonesty01
334,Jeremiah Robinson-Earl,25,IND,PF,17,3,300,29,83,.349,8,33,.242,21,50,.420,.398,13,14,.929,32,56,88,12,7,1,10,23,79,0,,robinje02
335,Nick Smith Jr.,21,LAL,SG,11,0,161,30,69,.435,15,36,.417,15,33,.455,.543,4,6,.667,1,12,13,15,8,2,11,8,79,0,,smithni01
336,Guerschon Yabusele,30,NYK,C,26,0,250,28,71,.394,15,49,.306,13,22,.591,.500,6,10,.600,18,38,56,10,3,4,9,29,77,0,,yabusgu01
337,Olivier-Maxence Prosper,23,MEM,PF,17,0,173,24,50,.480,4,16,.250,20,34,.588,.520,24,26,.923,12,25,37,12,2,1,9,14,76,0,,prospol01
338,Duop Reath,29,POR,C,23,0,183,27,56,.482,19,41,.463,8,15,.533,.652,2,3,.667,5,15,20,7,3,4,6,20,75,0,,reathdu01
339,Gui Santos,23,GSW,PF,23,1,211,26,60,.433,12,37,.324,14,23,.609,.533,11,16,.688,20,26,46,15,9,2,18,29,75,0,,santogu01
340,Jericho Sims,27,MIL,C,23,4,357,34,41,.829,0,0,,34,41,.829,.829,7,10,.700,33,58,91,17,5,5,22,38,75,0,,simsje01
341,Cam Christie,20,LAC,SG,17,0,188,22,62,.355,9,29,.310,13,33,.394,.427,21,30,.700,8,28,36,11,6,2,6,11,74,0,,chrisca02
342,Ousmane Dieng,22,OKC,C,17,0,213,27,61,.443,14,32,.438,13,29,.448,.557,6,6,1.000,6,24,30,15,1,5,6,18,74,0,,diengou01
343,Al Horford,39,GSW,C,13,1,279,25,78,.321,17,57,.298,8,21,.381,.429,6,6,1.000,11,46,57,26,13,13,16,19,73,0,,horfoal01
344,Baylor Scheierman,25,BOS,SG,25,0,291,27,53,.509,18,42,.429,9,11,.818,.679,1,1,1.000,8,34,42,17,12,2,10,35,73,0,,scheiba01
345,Adem Bona,22,PHI,C,19,3,313,25,47,.532,2,4,.500,23,43,.535,.553,20,32,.625,34,39,73,3,7,30,14,39,72,0,,bonaad01
346,Walker Kessler,24,UTA,C,5,5,154,26,37,.703,6,8,.750,20,29,.690,.784,14,20,.700,23,31,54,15,7,9,16,22,72,0,,kesslwa01
347,Garrison Mathews,29,IND,SG,14,1,185,19,48,.396,15,43,.349,4,5,.800,.552,19,23,.826,2,13,15,10,5,3,3,17,72,0,,mathega01
348,Jamison Battle,24,TOR,SF,20,1,161,27,45,.600,13,27,.481,14,18,.778,.744,4,5,.800,4,26,30,7,2,1,7,13,71,0,,battlja01
349,Kelly Olynyk,34,SAS,C,16,0,174,24,47,.511,7,24,.292,17,23,.739,.585,16,21,.762,13,27,40,24,6,0,12,24,71,0,,olynyke01
350,Kobe Brown,26,LAC,PF,19,0,222,23,61,.377,10,41,.244,13,20,.650,.459,14,16,.875,11,28,39,18,7,2,10,10,70,0,,brownko01
351,Jonathan Isaac,28,ORL,PF,25,0,259,25,59,.424,6,28,.214,19,31,.613,.475,13,28,.464,23,56,79,2,7,13,8,20,69,0,,isaacjo01
352,Noah Penda,21,ORL,SF,16,0,164,26,51,.510,9,17,.529,17,34,.500,.598,7,13,.538,30,33,63,18,4,5,10,18,68,0,,pendano01
353,John Konchar,29,MEM,SG,22,0,286,26,51,.510,9,28,.321,17,23,.739,.598,6,9,.667,12,47,59,27,19,7,7,19,67,0,,konchjo01
354,Gabe Vincent,29,LAL,PG,14,6,301,21,60,.350,17,47,.362,4,13,.308,.492,7,7,1.000,4,8,12,20,7,1,6,35,66,0,,vincega01
355,Ben Saraf,19,BKN,SG,12,5,203,22,62,.355,9,33,.273,13,29,.448,.427,12,15,.800,5,14,19,34,8,3,23,15,65,0,,sarafbe01
356,RayJ Dennis,24,2TM,PG,14,0,172,22,72,.306,12,38,.316,10,34,.294,.389,8,9,.889,8,15,23,26,3,4,15,16,64,0,,dennira01
356,RayJ Dennis,24,IND,PG,13,0,168,22,72,.306,12,38,.316,10,34,.294,.389,8,9,.889,8,13,21,26,3,4,14,16,64,0,,dennira01
356,RayJ Dennis,24,LAC,PG,1,0,4,0,0,,0,0,,0,0,,,0,0,,0,2,2,0,0,0,1,0,0,0,,dennira01
357,Zach Collins,28,CHI,C,7,0,122,22,38,.579,7,15,.467,15,23,.652,.671,11,16,.688,11,23,34,10,2,2,9,13,62,0,,colliza01
358,Julian Phillips,22,CHI,SF,22,2,222,24,55,.436,9,30,.300,15,25,.600,.518,5,6,.833,16,14,30,7,10,5,2,23,62,0,,phillju01
359,Dwight Powell,34,DAL,C,22,1,256,18,29,.621,0,0,,18,29,.621,.621,25,36,.694,21,33,54,19,11,5,9,46,61,0,,poweldw01
360,Kyle Anderson,32,UTA,SF,9,0,161,24,49,.490,1,1,1.000,23,48,.479,.500,11,15,.733,7,16,23,28,13,3,9,23,60,0,,anderky01
361,Moussa Cisse,23,DAL,C,19,1,194,23,38,.605,0,0,,23,38,.605,.605,13,31,.419,28,39,67,3,5,20,14,31,59,0,,cissemo01
362,Larry Nance Jr.,33,CLE,PF,16,2,240,23,65,.354,10,33,.303,13,32,.406,.431,1,3,.333,13,32,45,20,9,4,9,38,57,0,,nancela02
363,Pat Connaughton,33,CHO,SG,14,0,124,19,38,.500,10,25,.400,9,13,.692,.632,6,9,.667,5,20,25,7,5,1,3,5,54,0,,connapa01
364,Ethan Thompson,26,IND,SG,9,4,185,19,45,.422,11,33,.333,8,12,.667,.544,4,5,.800,7,8,15,15,5,2,3,21,53,0,,thompet01
365,Kenrich Williams,31,OKC,PF,9,0,142,21,43,.488,8,20,.400,13,23,.565,.581,3,6,.500,5,22,27,17,4,0,6,12,53,0,,willike04
366,Carter Bryant,20,SAS,PF,20,0,159,19,54,.352,9,30,.300,10,24,.417,.435,4,6,.667,6,29,35,2,4,2,9,16,51,0,,bryanca01
367,Jalen Pickett,26,DEN,SG,14,1,165,19,44,.432,10,26,.385,9,18,.500,.545,3,3,1.000,5,21,26,27,3,2,9,9,51,0,,pickeja02
368,Dalen Terry,23,CHI,SG,16,0,173,22,43,.512,4,15,.267,18,28,.643,.558,3,7,.429,10,18,28,20,11,4,11,18,51,0,,terryda01
369,Bradley Beal,32,LAC,SG,6,6,121,18,48,.375,7,19,.368,11,29,.379,.448,6,8,.750,2,3,5,10,3,0,9,14,49,0,,bealbr01
370,Malaki Branham,22,WAS,SG,13,0,104,15,36,.417,3,14,.214,12,22,.545,.458,16,20,.800,5,17,22,10,2,1,6,9,49,0,,branhma01
371,Taurean Prince,31,MIL,SF,8,0,169,17,38,.447,12,28,.429,5,10,.500,.605,3,3,1.000,0,13,13,8,6,2,5,20,49,0,,princta02
372,Jordan Miller,26,LAC,SF,7,0,99,13,30,.433,6,15,.400,7,15,.467,.533,15,18,.833,9,12,21,9,2,1,9,4,47,0,,millejo02
373,Chris Paul,40,LAC,PG,16,0,228,18,56,.321,10,30,.333,8,26,.308,.411,1,2,.500,6,22,28,53,11,0,16,23,47,0,,paulch01
374,Gary Harris,31,MIL,SG,20,0,284,17,38,.447,8,20,.400,9,18,.500,.553,4,4,1.000,5,23,28,22,13,3,9,22,46,0,,harriga01
375,De'Anthony Melton,27,GSW,PG,7,0,124,13,48,.271,3,24,.125,10,24,.417,.302,15,19,.789,1,6,7,14,12,4,10,16,44,0,,meltode01
376,Chaz Lanier,24,DET,SG,13,0,133,14,42,.333,12,37,.324,2,5,.400,.476,3,3,1.000,6,8,14,10,4,0,1,3,43,0,,laniech01
377,Keshad Johnson,24,MIA,SF,11,0,120,14,39,.359,5,17,.294,9,22,.409,.423,9,13,.692,11,19,30,1,5,4,3,10,42,0,,johnske10
378,Obi Toppin,27,IND,PF,3,0,82,15,36,.417,3,17,.176,12,19,.632,.458,9,9,1.000,3,17,20,5,3,0,6,7,42,0,,toppiob01
379,Jae'Sean Tate,30,HOU,SF,15,0,118,17,32,.531,5,12,.417,12,20,.600,.609,2,2,1.000,8,14,22,7,4,0,4,20,41,0,,tateja01
380,Cody Williams,21,UTA,SG,16,0,201,18,53,.340,3,24,.125,15,29,.517,.368,1,4,.250,4,12,16,11,3,3,6,22,40,0,,willico04
381,Johnny Furphy,21,IND,SG,11,0,147,15,32,.469,6,17,.353,9,15,.600,.563,3,5,.600,7,17,24,3,5,0,6,15,39,0,,furphjo01
382,Rayan Rupert,21,POR,SG,22,0,181,15,44,.341,6,21,.286,9,23,.391,.409,2,4,.500,6,26,32,7,7,1,9,22,38,0,,ruperra01
383,Jamir Watkins,24,WAS,SG,11,1,141,13,24,.542,4,13,.308,9,11,.818,.625,8,8,1.000,5,24,29,6,3,3,4,21,38,0,,watkija01
384,Julian Strawther,23,DEN,SG,12,0,93,12,39,.308,2,18,.111,10,21,.476,.333,11,16,.688,0,14,14,6,1,1,5,8,37,0,,strawju01
385,Blake Wesley,22,POR,SG,6,0,98,14,34,.412,2,10,.200,12,24,.500,.441,6,10,.600,2,12,14,19,10,1,7,14,36,0,,weslebl01
386,Zeke Nnaji,25,DEN,PF,18,1,147,13,26,.500,3,13,.231,10,13,.769,.558,6,9,.667,5,21,26,5,4,3,7,18,35,0,,nnajize01
387,Chris Youngblood,23,OKC,SG,20,0,109,10,31,.323,8,26,.308,2,5,.400,.452,7,7,1.000,3,16,19,6,1,0,1,17,35,0,,youngch01
388,Yang Hansen,20,POR,C,13,1,100,12,40,.300,1,16,.063,11,24,.458,.313,9,10,.900,6,17,23,10,0,5,9,13,34,0,,yangha01
389,Javon Small,23,MEM,PG,8,0,99,10,28,.357,6,19,.316,4,9,.444,.464,8,10,.800,1,7,8,22,0,1,8,7,34,0,,smallja01
390,Yanic Konan Niederhäuser,22,LAC,C,12,0,60,13,18,.722,0,0,,13,18,.722,.722,7,12,.583,7,9,16,3,0,3,4,4,33,0,,konanya01
391,Jordan McLaughlin,29,SAS,PG,11,0,89,12,27,.444,5,15,.333,7,12,.583,.537,4,5,.800,4,6,10,11,7,0,4,7,33,0,,mclaujo01
392,Lindy Waters III,28,SAS,SG,14,0,104,12,30,.400,9,26,.346,3,4,.750,.550,0,0,,2,13,15,5,4,0,1,11,33,0,,waterli01
393,Devin Carter,23,SAC,PG,9,0,86,10,31,.323,5,17,.294,5,14,.357,.403,7,7,1.000,4,9,13,13,6,1,8,9,32,0,,cartede02
394,David Jones García,24,SAS,SF,10,0,67,13,25,.520,3,5,.600,10,20,.500,.580,3,6,.500,4,8,12,18,6,1,5,6,32,0,,jonesda06
395,Isaiah Livers,27,PHO,PF,13,0,158,10,29,.345,7,24,.292,3,5,.600,.466,5,6,.833,8,20,28,5,7,5,5,14,32,0,,liveris01
396,Kevon Looney,29,NOP,C,12,6,155,14,33,.424,1,7,.143,13,26,.500,.439,3,6,.500,20,27,47,17,4,5,6,25,32,0,,looneke01
397,Rasheer Fleming,21,PHO,PF,13,0,77,11,32,.344,4,18,.222,7,14,.500,.406,5,5,1.000,7,8,15,2,4,2,3,9,31,0,,flemira01
398,Jalen Green,23,PHO,SG,2,2,30,11,23,.478,6,14,.429,5,9,.556,.609,3,5,.600,2,2,4,4,2,0,2,2,31,0,,greenja05
399,Caleb Martin,30,DAL,SF,23,0,217,11,39,.282,2,13,.154,9,26,.346,.308,7,9,.778,12,23,35,22,10,4,8,36,31,0,,martica02
400,Xavier Tillman Sr.,27,BOS,C,11,1,103,14,28,.500,3,13,.231,11,15,.733,.554,0,0,,10,14,24,5,6,2,4,9,31,0,,tillmxa01
401,Amir Coffey,28,MIL,SG,20,0,158,10,24,.417,3,11,.273,7,13,.538,.479,7,7,1.000,4,11,15,8,0,1,2,6,30,0,,coffeam01
402,Dereck Lively II,21,DAL,C,7,4,115,11,18,.611,0,0,,11,18,.611,.611,8,10,.800,14,23,37,13,4,11,10,21,30,0,,livelde01
403,Brooks Barnhizer,23,OKC,SG,18,0,148,12,25,.480,1,5,.200,11,20,.550,.500,4,6,.667,6,30,36,8,3,2,3,11,29,0,,barnhbr01
404,Josh Green,25,CHO,SG,5,0,77,10,19,.526,7,16,.438,3,3,1.000,.711,1,2,.500,4,5,9,5,7,0,3,8,28,0,,greenjo02
405,Luke Travers,24,CLE,SG,12,0,103,9,36,.250,1,16,.063,8,20,.400,.264,9,9,1.000,9,15,24,9,7,4,3,6,28,0,,travelu01
406,Nigel Hayes-Davis,31,PHO,SF,18,0,164,12,38,.316,1,14,.071,11,24,.458,.329,1,2,.500,9,14,23,6,7,1,6,13,26,0,,hayesni01
407,GG Jackson II,21,MEM,PF,9,0,67,9,33,.273,2,16,.125,7,17,.412,.303,6,9,.667,3,13,16,2,5,2,3,4,26,0,,jacksgg01
408,Bronny James,21,LAL,SG,14,1,125,10,31,.323,4,14,.286,6,17,.353,.387,2,2,1.000,4,5,9,21,9,1,11,12,26,0,,jamesbr02
409,Mason Plumlee,35,CHO,C,14,2,125,9,12,.750,0,0,,9,12,.750,.750,8,12,.667,10,30,40,16,6,0,9,10,26,0,,plumlma01
410,Taelon Peter,23,IND,SG,16,0,106,7,29,.241,6,27,.222,1,2,.500,.345,4,5,.800,4,12,16,14,2,2,9,7,24,0,,peterta01
411,Ariel Hukporti,23,NYK,C,17,3,153,8,16,.500,0,0,,8,16,.500,.500,7,12,.583,17,27,44,11,3,10,9,25,23,0,,hukpoar01
412,Maxi Kleber,34,LAL,PF,12,0,155,7,19,.368,3,11,.273,4,8,.500,.447,6,8,.750,6,15,21,7,2,5,2,22,23,0,,klebima01
413,Kasparas Jakučionis,19,MIA,PG,4,1,57,6,19,.316,6,11,.545,0,8,.000,.474,4,4,1.000,5,3,8,5,1,0,2,5,22,0,,jakucka01
414,Mark Sears,23,MIL,PG,7,0,26,6,13,.462,4,8,.500,2,5,.400,.615,6,8,.750,1,1,2,2,0,0,4,4,22,0,,searsma01
415,Eric Gordon,37,PHI,SG,5,0,57,8,13,.615,5,8,.625,3,5,.600,.808,0,0,,1,1,2,3,3,0,3,2,21,0,,gordoer01
416,Jeff Green,39,HOU,PF,10,0,48,8,16,.500,5,12,.417,3,4,.750,.656,0,0,,1,3,4,1,0,1,0,4,21,0,,greenje02
417,Antonio Reeves,25,CHO,SG,6,0,53,8,16,.500,5,10,.500,3,6,.500,.656,0,0,,1,4,5,2,1,0,0,3,21,0,,reevean01
418,JD Davison,23,HOU,PG,11,0,74,8,17,.471,4,9,.444,4,8,.500,.588,0,2,.000,1,3,4,10,3,1,1,4,20,0,,davisjd01
419,Mohamed Diawara,20,NYK,SF,20,1,81,8,23,.348,3,11,.273,5,12,.417,.413,1,4,.250,3,11,14,9,4,1,7,11,20,0,,diawamo01
420,Caleb Houstan,23,ATL,SF,8,0,43,6,13,.462,5,10,.500,1,3,.333,.654,3,3,1.000,4,1,5,2,1,1,4,5,20,0,,houstca01
421,Matisse Thybulle,28,POR,SG,4,0,49,6,10,.600,4,6,.667,2,4,.500,.800,4,4,1.000,0,4,4,3,10,0,1,7,20,0,,thybuma01
422,Dylan Cardwell,24,SAC,C,6,1,90,7,13,.538,0,1,.000,7,12,.583,.538,5,12,.417,9,15,24,1,3,13,5,18,19,0,,cardwdy01
423,Mac McClung,27,IND,SG,3,0,34,7,18,.389,2,10,.200,5,8,.625,.444,3,4,.750,0,4,4,1,5,1,2,6,19,0,,mccluma01
424,Thanasis Antetokounmpo,33,MIL,SF,10,0,25,6,9,.667,0,0,,6,9,.667,.667,6,9,.667,2,2,4,0,3,3,1,7,18,0,,antetth01
425,Joan Beringer,19,MIN,PF,9,0,37,8,11,.727,0,0,,8,11,.727,.727,2,3,.667,2,10,12,0,1,2,2,9,18,0,,berinjo01
426,Chris Boucher,33,BOS,PF,8,0,91,7,22,.318,1,12,.083,6,10,.600,.341,3,4,.750,2,16,18,3,5,7,1,16,18,0,,bouchch01
427,Monte Morris,30,IND,PG,6,0,65,7,20,.350,2,8,.250,5,12,.417,.400,2,4,.500,1,6,7,9,1,1,2,3,18,0,,morrimo01
428,Pete Nance,25,MIL,PF,7,0,27,7,14,.500,4,9,.444,3,5,.600,.643,0,0,,1,6,7,1,0,0,1,0,18,0,,nancepe01
429,Anthony Gill,33,WAS,PF,11,0,37,6,10,.600,1,2,.500,5,8,.625,.650,4,4,1.000,4,5,9,0,0,1,4,3,17,0,,gillan01
430,Elijah Harkless,25,UTA,SG,7,0,66,4,11,.364,2,7,.286,2,4,.500,.455,7,9,.778,2,4,6,5,4,0,3,10,17,0,,harklej01
431,Andre Jackson Jr.,24,MIL,SG,13,0,92,6,22,.273,2,13,.154,4,9,.444,.318,3,4,.750,5,7,12,17,5,2,5,12,17,0,,jacksan01
432,Bobi Klintman,22,DET,SF,6,0,53,7,21,.333,3,11,.273,4,10,.400,.405,0,3,.000,5,11,16,4,2,0,5,9,17,0,,klintbo01
433,Khaman Maluach,19,PHO,C,12,0,59,5,13,.385,0,4,.000,5,9,.556,.385,7,8,.875,2,10,12,2,0,4,5,10,17,0,,maluakh01
434,Tolu Smith,25,DET,PF,2,0,22,6,8,.750,0,0,,6,8,.750,.750,5,7,.714,4,7,11,2,1,1,1,2,17,0,,smithto05
435,Emanuel Miller,25,CHI,PF,5,0,33,6,13,.462,2,6,.333,4,7,.571,.538,1,2,.500,1,2,3,4,2,0,0,2,15,0,,milleem01
436,Leonard Miller,22,MIN,SF,9,0,38,6,12,.500,0,5,.000,6,7,.857,.500,3,5,.600,1,10,11,4,2,0,4,7,15,0,,millele01
437,Nolan Traoré,19,BKN,PG,7,0,76,5,21,.238,3,11,.273,2,10,.200,.310,2,4,.500,1,6,7,10,3,1,3,8,15,0,,traorno01
438,Trey Alexander,22,NOP,SG,3,0,37,6,9,.667,2,3,.667,4,6,.667,.778,0,0,,0,4,4,4,1,1,1,4,14,0,,alexatr01
439,Seth Curry,35,GSW,SG,2,0,32,6,9,.667,2,4,.500,4,5,.800,.778,0,0,,1,3,4,3,2,0,0,3,14,0,,curryse01
440,E.J. Liddell,25,BKN,PF,7,0,32,5,12,.417,2,8,.250,3,4,.750,.500,2,3,.667,3,6,9,0,0,0,0,4,14,0,,liddeej01
441,PJ Hall,23,MEM,C,7,0,27,5,9,.556,1,3,.333,4,6,.667,.611,2,3,.667,3,6,9,2,0,2,1,3,13,0,,hallpj01
442,Jonathan Mogbo,24,TOR,PF,11,0,50,6,12,.500,0,0,,6,12,.500,.500,1,1,1.000,6,9,15,6,1,3,1,5,13,0,,mogbojo01
443,Tyson Etienne,26,BKN,PG,8,0,34,4,15,.267,4,13,.308,0,2,.000,.400,0,0,,0,0,0,1,0,0,1,5,12,0,,etienty01
444,A.J. Lawson,25,TOR,SG,2,0,16,4,10,.400,2,4,.500,2,6,.333,.500,2,2,1.000,1,4,5,0,0,2,0,5,12,0,,lawsoaj01
445,Hunter Tyson,25,DEN,PF,11,0,43,4,18,.222,2,9,.222,2,9,.222,.278,2,2,1.000,2,12,14,3,1,0,0,4,12,0,,tysonhu01
446,Myron Gardner,24,MIA,SF,5,0,26,4,6,.667,3,5,.600,1,1,1.000,.917,0,0,,1,3,4,2,1,0,0,8,11,0,,gardnmy01
447,Johni Broome,23,PHI,C,6,0,39,4,20,.200,0,3,.000,4,17,.235,.200,2,4,.500,6,7,13,4,2,0,2,5,10,0,,broomjo01
448,Adou Thiero,21,LAL,SF,11,0,61,3,7,.429,0,0,,3,7,.429,.429,4,5,.800,4,4,8,1,3,0,3,12,10,0,,thierad01
449,James Wiseman,24,IND,C,3,1,47,5,9,.556,0,0,,5,9,.556,.556,0,0,,5,3,8,2,0,1,4,8,10,0,,wisemja01
450,Jahmir Young,25,MIA,PG,5,0,24,4,11,.364,2,5,.400,2,6,.333,.455,0,0,,0,2,2,4,1,0,2,3,10,0,,youngja05
451,DeAndre Jordan,37,NOP,C,2,1,23,4,5,.800,0,0,,4,5,.800,.800,1,2,.500,4,6,10,0,0,0,1,1,9,0,,jordade01
452,Johnny Juzang,24,MIN,SG,8,0,22,3,9,.333,2,7,.286,1,2,.500,.444,1,2,.500,1,2,3,1,0,0,1,3,9,0,,juzanjo01
453,Chris Livingston,22,CLE,SF,3,0,17,4,7,.571,0,3,.000,4,4,1.000,.571,1,1,1.000,0,3,3,1,1,0,0,4,9,0,,livinch01
454,Riley Minix,25,SAS,SF,3,0,8,4,6,.667,1,3,.333,3,3,1.000,.750,0,0,,1,1,2,1,1,0,0,1,9,0,,minixri01
455,Jamal Cain,26,ORL,SF,6,0,36,3,11,.273,1,6,.167,2,5,.400,.318,1,2,.500,2,2,4,2,1,1,3,5,8,0,,cainja01
456,Brandon Clarke,29,MEM,PF,2,2,20,3,9,.333,0,0,,3,9,.333,.333,2,4,.500,4,2,6,1,2,0,0,5,8,0,,clarkbr01
457,Ron Harper Jr.,25,BOS,SF,4,0,20,3,10,.300,2,8,.250,1,2,.500,.400,0,0,,1,2,3,4,1,2,0,2,8,0,,harpero02
458,Jacob Toppin,25,ATL,SF,5,0,17,4,6,.667,0,0,,4,6,.667,.667,0,0,,0,1,1,1,0,1,0,1,8,0,,toppija01
459,Charles Bassey,25,MEM,C,2,0,31,3,8,.375,0,0,,3,8,.375,.375,1,3,.333,7,8,15,2,1,1,1,5,7,0,,bassech01
460,Bismack Biyombo,33,SAS,C,9,1,61,3,5,.600,0,0,,3,5,.600,.600,1,2,.500,2,5,7,3,3,1,3,10,7,0,,biyombi01
461,Javonte Cooke,26,POR,SG,5,0,31,3,12,.250,1,5,.200,2,7,.286,.292,0,0,,1,2,3,5,1,0,4,1,7,0,,cookeja01
462,AJ Johnson,21,WAS,SG,11,0,48,2,15,.133,0,3,.000,2,12,.167,.133,3,4,.750,2,5,7,5,0,0,2,4,7,0,,johnsaj01
463,Cody Martin,30,IND,SF,4,0,55,2,10,.200,0,5,.000,2,5,.400,.200,3,6,.500,1,13,14,2,4,2,4,5,7,0,,martico01
464,Orlando Robinson,25,ORL,C,3,1,22,3,5,.600,1,2,.500,2,3,.667,.700,0,0,,2,1,3,2,1,0,0,3,7,0,,robinor01
465,Hunter Sallis,22,PHI,SG,6,0,25,3,5,.600,0,0,,3,5,.600,.600,1,2,.500,0,1,1,4,0,1,5,2,7,0,,sallihu01
466,Marcus Sasser,25,DET,PG,4,0,19,3,6,.500,1,3,.333,2,3,.667,.583,0,0,,0,3,3,7,0,0,1,3,7,0,,sassema01
467,Kyle Lowry,39,PHI,PG,4,0,32,2,5,.400,2,5,.400,0,0,,.600,0,0,,0,2,2,5,1,0,1,3,6,0,,lowryky01
468,Jahmai Mashack,23,MEM,SG,5,0,21,2,7,.286,2,5,.400,0,2,.000,.429,0,0,,0,5,5,2,1,0,3,1,6,0,,mashaja01
469,Doug McDermott,34,SAC,SF,2,0,11,2,4,.500,2,4,.500,0,0,,.750,0,0,,0,0,0,0,0,0,1,2,6,0,,mcderdo01
470,Wendell Moore Jr.,24,DET,SG,3,0,43,3,6,.500,0,1,.000,3,5,.600,.500,0,0,,1,3,4,3,2,1,1,1,6,0,,moorewe01
471,Harrison Ingram,23,SAS,SF,3,0,11,2,3,.667,1,1,1.000,1,2,.500,.833,0,0,,3,0,3,0,0,0,0,2,5,0,,ingraha01
472,Trey Jemison,26,NYK,C,4,0,29,2,2,1.000,0,0,,2,2,1.000,1.000,1,1,1.000,4,4,8,1,0,1,3,4,5,0,,jemistr01
473,Drew Peterson,26,CHO,PF,6,0,64,2,16,.125,0,12,.000,2,4,.500,.125,1,2,.500,3,6,9,2,3,1,0,3,5,0,,peterdr01
474,Dario Šarić,31,SAC,C,5,0,41,1,6,.167,1,3,.333,0,3,.000,.250,2,2,1.000,1,5,6,2,0,0,2,3,5,0,,saricda01
475,Isaac Jones,25,2TM,PF,4,1,18,2,4,.500,0,2,.000,2,2,1.000,.500,1,2,.500,2,0,2,1,0,0,0,4,5,0,,jonesis01
475,Isaac Jones,25,SAC,PF,3,1,17,1,2,.500,0,1,.000,1,1,1.000,.500,1,2,.500,2,0,2,1,0,0,0,4,3,0,,jonesis01
475,Isaac Jones,25,DET,PF,1,0,1,1,2,.500,0,1,.000,1,1,1.000,.500,0,0,,0,0,0,0,0,0,0,0,2,0,,jonesis01
476,Koby Brea,23,PHO,SG,2,0,8,1,3,.333,0,2,.000,1,1,1.000,.333,2,2,1.000,0,1,1,2,0,0,0,0,4,0,,breako01
477,Pacome Dadiet,20,NYK,SG,10,0,25,1,6,.167,0,3,.000,1,3,.333,.167,2,2,1.000,0,5,5,3,1,0,0,1,4,0,,dadiepa01
478,Trentyn Flowers,20,CHI,SF,2,0,6,2,3,.667,0,1,.000,2,2,1.000,.667,0,0,,1,0,1,1,0,0,1,1,4,0,,flowetr01
479,Garrett Temple,39,TOR,SG,7,0,23,1,5,.200,1,4,.250,0,1,.000,.300,1,2,.500,0,3,3,2,2,1,1,2,4,0,,templga01
480,N'Faly Dante,24,ATL,C,4,0,15,1,4,.250,0,0,,1,4,.250,.250,1,1,1.000,3,4,7,0,2,0,1,1,3,0,,nfalyda01
481,DaRon Holmes,23,DEN,PF,2,0,4,1,1,1.000,1,1,1.000,0,0,,1.500,0,0,,0,0,0,0,0,0,0,1,3,0,,holmeda01
482,Kevin McCullar Jr.,24,NYK,SF,2,0,1,1,1,1.000,1,1,1.000,0,0,,1.500,0,0,,0,1,1,0,0,0,0,0,3,0,,mcculke01
483,Amari Williams,24,BOS,PF,6,0,31,1,2,.500,0,0,,1,2,.500,.500,1,2,.500,2,5,7,1,1,2,0,4,3,0,,william01
484,Hunter Dickinson,25,NOP,C,1,0,5,1,2,.500,0,0,,1,2,.500,.500,0,0,,0,0,0,0,0,1,2,2,2,0,,dickihu01
485,Colby Jones,23,DET,SG,1,0,7,1,3,.333,0,2,.000,1,1,1.000,.333,0,0,,0,4,4,2,0,0,0,1,2,0,,jonesco02
486,Curtis Jones,24,DEN,SG,2,0,3,1,3,.333,0,1,.000,1,2,.500,.333,0,0,,1,1,2,0,0,0,0,0,2,0,,jonescu01
487,Kam Jones,23,IND,SG,1,0,1,1,1,1.000,0,0,,1,1,1.000,1.000,0,0,,0,0,0,0,0,0,0,0,2,0,,joneska03
488,Miles Kelly,23,DAL,PG,2,0,11,1,2,.500,0,1,.000,1,1,1.000,.500,0,0,,1,3,4,0,0,0,1,2,2,0,,kellymi02
489,Lachlan Olbrich,22,CHI,C,5,0,36,1,6,.167,0,3,.000,1,3,.333,.167,0,0,,3,8,11,3,0,0,2,8,2,0,,olbrila01
490,Daeqwon Plowden,27,SAC,SG,1,0,14,1,5,.200,0,3,.000,1,2,.500,.200,0,0,,2,0,2,0,0,0,0,0,2,0,,plowdda01
491,Drew Timme,25,LAL,PF,2,0,8,1,2,.500,0,1,.000,1,1,1.000,.500,0,0,,1,1,2,3,1,0,0,0,2,0,,timmedr01
492,Jahmyl Telfort,24,LAC,PF,8,0,32,0,4,.000,0,4,.000,0,0,,.000,1,4,.250,0,3,3,1,1,0,1,5,1,0,,telfoja01
493,Sharife Cooper,24,WAS,PG,4,0,10,0,1,.000,0,1,.000,0,0,,.000,0,0,,0,0,0,0,0,0,1,1,0,0,,coopesh01
494,Isaiah Crawford,24,HOU,SF,2,0,5,0,1,.000,0,1,.000,0,0,,.000,0,0,,0,0,0,0,0,0,0,0,0,0,,crawfis01
495,Noa Essengue,19,CHI,PF,2,0,6,0,3,.000,0,2,.000,0,1,.000,.000,0,0,,0,0,0,0,1,0,0,1,0,0,,essenno01
496,Tosan Evbuomwan,24,NYK,SF,4,0,7,0,1,.000,0,0,,0,1,.000,.000,0,0,,1,1,2,0,0,0,0,1,0,0,,evbuoto01
497,Vladislav Goldin,24,MIA,C,1,0,1,0,0,,0,0,,0,0,,,0,0,,0,0,0,1,0,0,0,0,0,0,,goldivl01
498,Chucky Hepburn,22,TOR,PG,2,0,13,0,6,.000,0,5,.000,0,1,.000,.000,0,0,,0,1,1,2,1,0,1,2,0,0,,hepbuch01
499,Joe Ingles,38,MIN,SF,8,0,23,0,2,.000,0,2,.000,0,0,,.000,0,0,,0,0,0,6,1,0,0,2,0,0,,inglejo01
500,Christian Koloko,25,2TM,C,3,0,16,0,0,,0,0,,0,0,,,0,0,,0,2,2,1,0,1,0,2,0,0,,kolokch01
500,Christian Koloko,25,LAL,C,2,0,6,0,0,,0,0,,0,0,,,0,0,,0,1,1,0,0,0,0,1,0,0,,kolokch01
500,Christian Koloko,25,MEM,C,1,0,10,0,0,,0,0,,0,0,,,0,0,,0,1,1,1,0,1,0,1,0,0,,kolokch01
501,Chris Mañon,24,LAL,SG,2,0,7,0,1,.000,0,1,.000,0,0,,.000,0,0,,0,2,2,0,0,1,0,2,0,0,,manonch01
502,Alijah Martin,24,TOR,SG,2,0,7,0,1,.000,0,0,,0,1,.000,.000,0,0,,0,0,0,0,1,0,0,0,0,0,,martial01
